ProductID,Product Name,ProductNumber,Product SubCategory,Product Category,Product Color,Product Size,Product Line,Product Model Name
1,Adjustable Race,AR-5381,NULL,NULL,NULL,NULL,NULL,NULL
2,Bearing Ball,BA-8327,NULL,NULL,NULL,NULL,NULL,NULL
3,BB Ball Bearing,BE-2349,NULL,NULL,NULL,NULL,NULL,NULL
4,Headset Ball Bearings,BE-2908,NULL,NULL,NULL,NULL,NULL,NULL
316,Blade,BL-2036,NULL,NULL,NULL,NULL,NULL,NULL
317,LL Crankarm,CA-5965,NULL,NULL,Black,NULL,NULL,NULL
318,ML Crankarm,CA-6738,NULL,NULL,Black,NULL,NULL,NULL
319,HL Crankarm,CA-7457,NULL,NULL,Black,NULL,NULL,NULL
320,Chainring Bolts,CB-2903,NULL,NULL,Silver,NULL,NULL,NULL
321,Chainring Nut,CN-6137,NULL,NULL,Silver,NULL,NULL,NULL
322,Chainring,CR-7833,NULL,NULL,Black,NULL,NULL,NULL
323,Crown Race,CR-9981,NULL,NULL,NULL,NULL,NULL,NULL
324,Chain Stays,CS-2812,NULL,NULL,NULL,NULL,NULL,NULL
325,Decal 1,DC-8732,NULL,NULL,NULL,NULL,NULL,NULL
326,Decal 2,DC-9824,NULL,NULL,NULL,NULL,NULL,NULL
327,Down Tube,DT-2377,NULL,NULL,NULL,NULL,NULL,NULL
328,Mountain End Caps,EC-M092,NULL,NULL,NULL,NULL,NULL,NULL
329,Road End Caps,EC-R098,NULL,NULL,NULL,NULL,NULL,NULL
330,Touring End Caps,EC-T209,NULL,NULL,NULL,NULL,NULL,NULL
331,Fork End,FE-3760,NULL,NULL,NULL,NULL,NULL,NULL
332,Freewheel,FH-2981,NULL,NULL,Silver,NULL,NULL,NULL
341,Flat Washer 1,FW-1000,NULL,NULL,NULL,NULL,NULL,NULL
342,Flat Washer 6,FW-1200,NULL,NULL,NULL,NULL,NULL,NULL
343,Flat Washer 2,FW-1400,NULL,NULL,NULL,NULL,NULL,NULL
344,Flat Washer 9,FW-3400,NULL,NULL,NULL,NULL,NULL,NULL
345,Flat Washer 4,FW-3800,NULL,NULL,NULL,NULL,NULL,NULL
346,Flat Washer 3,FW-5160,NULL,NULL,NULL,NULL,NULL,NULL
347,Flat Washer 8,FW-5800,NULL,NULL,NULL,NULL,NULL,NULL
348,Flat Washer 5,FW-7160,NULL,NULL,NULL,NULL,NULL,NULL
349,Flat Washer 7,FW-9160,NULL,NULL,NULL,NULL,NULL,NULL
350,Fork Crown,FC-3654,NULL,NULL,NULL,NULL,NULL,NULL
351,Front Derailleur Cage,FC-3982,NULL,NULL,Silver,NULL,NULL,NULL
352,Front Derailleur Linkage,FL-2301,NULL,NULL,Silver,NULL,NULL,NULL
355,Guide Pulley,GP-0982,NULL,NULL,NULL,NULL,NULL,NULL
356,LL Grip Tape,GT-0820,NULL,NULL,NULL,NULL,NULL,NULL
357,ML Grip Tape,GT-1209,NULL,NULL,NULL,NULL,NULL,NULL
358,HL Grip Tape,GT-2908,NULL,NULL,NULL,NULL,NULL,NULL
359,Thin-Jam Hex Nut 9,HJ-1213,NULL,NULL,NULL,NULL,NULL,NULL
360,Thin-Jam Hex Nut 10,HJ-1220,NULL,NULL,NULL,NULL,NULL,NULL
361,Thin-Jam Hex Nut 1,HJ-1420,NULL,NULL,NULL,NULL,NULL,NULL
362,Thin-Jam Hex Nut 2,HJ-1428,NULL,NULL,NULL,NULL,NULL,NULL
363,Thin-Jam Hex Nut 15,HJ-3410,NULL,NULL,NULL,NULL,NULL,NULL
364,Thin-Jam Hex Nut 16,HJ-3416,NULL,NULL,NULL,NULL,NULL,NULL
365,Thin-Jam Hex Nut 5,HJ-3816,NULL,NULL,NULL,NULL,NULL,NULL
366,Thin-Jam Hex Nut 6,HJ-3824,NULL,NULL,NULL,NULL,NULL,NULL
367,Thin-Jam Hex Nut 3,HJ-5161,NULL,NULL,NULL,NULL,NULL,NULL
368,Thin-Jam Hex Nut 4,HJ-5162,NULL,NULL,NULL,NULL,NULL,NULL
369,Thin-Jam Hex Nut 13,HJ-5811,NULL,NULL,NULL,NULL,NULL,NULL
370,Thin-Jam Hex Nut 14,HJ-5818,NULL,NULL,NULL,NULL,NULL,NULL
371,Thin-Jam Hex Nut 7,HJ-7161,NULL,NULL,NULL,NULL,NULL,NULL
372,Thin-Jam Hex Nut 8,HJ-7162,NULL,NULL,NULL,NULL,NULL,NULL
373,Thin-Jam Hex Nut 12,HJ-9080,NULL,NULL,NULL,NULL,NULL,NULL
374,Thin-Jam Hex Nut 11,HJ-9161,NULL,NULL,NULL,NULL,NULL,NULL
375,Hex Nut 5,HN-1024,NULL,NULL,NULL,NULL,NULL,NULL
376,Hex Nut 6,HN-1032,NULL,NULL,NULL,NULL,NULL,NULL
377,Hex Nut 16,HN-1213,NULL,NULL,NULL,NULL,NULL,NULL
378,Hex Nut 17,HN-1220,NULL,NULL,NULL,NULL,NULL,NULL
379,Hex Nut 7,HN-1224,NULL,NULL,NULL,NULL,NULL,NULL
380,Hex Nut 8,HN-1420,NULL,NULL,NULL,NULL,NULL,NULL
381,Hex Nut 9,HN-1428,NULL,NULL,NULL,NULL,NULL,NULL
382,Hex Nut 22,HN-3410,NULL,NULL,NULL,NULL,NULL,NULL
383,Hex Nut 23,HN-3416,NULL,NULL,NULL,NULL,NULL,NULL
384,Hex Nut 12,HN-3816,NULL,NULL,NULL,NULL,NULL,NULL
385,Hex Nut 13,HN-3824,NULL,NULL,NULL,NULL,NULL,NULL
386,Hex Nut 1,HN-4402,NULL,NULL,NULL,NULL,NULL,NULL
387,Hex Nut 10,HN-5161,NULL,NULL,NULL,NULL,NULL,NULL
388,Hex Nut 11,HN-5162,NULL,NULL,NULL,NULL,NULL,NULL
389,Hex Nut 2,HN-5400,NULL,NULL,NULL,NULL,NULL,NULL
390,Hex Nut 20,HN-5811,NULL,NULL,NULL,NULL,NULL,NULL
391,Hex Nut 21,HN-5818,NULL,NULL,NULL,NULL,NULL,NULL
392,Hex Nut 3,HN-6320,NULL,NULL,NULL,NULL,NULL,NULL
393,Hex Nut 14,HN-7161,NULL,NULL,NULL,NULL,NULL,NULL
394,Hex Nut 15,HN-7162,NULL,NULL,NULL,NULL,NULL,NULL
395,Hex Nut 4,HN-8320,NULL,NULL,NULL,NULL,NULL,NULL
396,Hex Nut 18,HN-9161,NULL,NULL,NULL,NULL,NULL,NULL
397,Hex Nut 19,HN-9168,NULL,NULL,NULL,NULL,NULL,NULL
398,Handlebar Tube,HT-2981,NULL,NULL,NULL,NULL,NULL,NULL
399,Head Tube,HT-8019,NULL,NULL,NULL,NULL,NULL,NULL
400,LL Hub,HU-6280,NULL,NULL,NULL,NULL,NULL,NULL
401,HL Hub,HU-8998,NULL,NULL,NULL,NULL,NULL,NULL
402,Keyed Washer,KW-4091,NULL,NULL,NULL,NULL,NULL,NULL
403,External Lock Washer 3,LE-1000,NULL,NULL,NULL,NULL,NULL,NULL
404,External Lock Washer 4,LE-1200,NULL,NULL,NULL,NULL,NULL,NULL
405,External Lock Washer 9,LE-1201,NULL,NULL,NULL,NULL,NULL,NULL
406,External Lock Washer 5,LE-1400,NULL,NULL,NULL,NULL,NULL,NULL
407,External Lock Washer 7,LE-3800,NULL,NULL,NULL,NULL,NULL,NULL
408,External Lock Washer 6,LE-5160,NULL,NULL,NULL,NULL,NULL,NULL
409,External Lock Washer 1,LE-6000,NULL,NULL,NULL,NULL,NULL,NULL
410,External Lock Washer 8,LE-7160,NULL,NULL,NULL,NULL,NULL,NULL
411,External Lock Washer 2,LE-8000,NULL,NULL,NULL,NULL,NULL,NULL
412,Internal Lock Washer 3,LI-1000,NULL,NULL,NULL,NULL,NULL,NULL
413,Internal Lock Washer 4,LI-1200,NULL,NULL,NULL,NULL,NULL,NULL
414,Internal Lock Washer 9,LI-1201,NULL,NULL,NULL,NULL,NULL,NULL
415,Internal Lock Washer 5,LI-1400,NULL,NULL,NULL,NULL,NULL,NULL
416,Internal Lock Washer 7,LI-3800,NULL,NULL,NULL,NULL,NULL,NULL
417,Internal Lock Washer 6,LI-5160,NULL,NULL,NULL,NULL,NULL,NULL
418,Internal Lock Washer 10,LI-5800,NULL,NULL,NULL,NULL,NULL,NULL
419,Internal Lock Washer 1,LI-6000,NULL,NULL,NULL,NULL,NULL,NULL
420,Internal Lock Washer 8,LI-7160,NULL,NULL,NULL,NULL,NULL,NULL
421,Internal Lock Washer 2,LI-8000,NULL,NULL,NULL,NULL,NULL,NULL
422,Thin-Jam Lock Nut 9,LJ-1213,NULL,NULL,NULL,NULL,NULL,NULL
423,Thin-Jam Lock Nut 10,LJ-1220,NULL,NULL,NULL,NULL,NULL,NULL
424,Thin-Jam Lock Nut 1,LJ-1420,NULL,NULL,NULL,NULL,NULL,NULL
425,Thin-Jam Lock Nut 2,LJ-1428,NULL,NULL,NULL,NULL,NULL,NULL
426,Thin-Jam Lock Nut 15,LJ-3410,NULL,NULL,NULL,NULL,NULL,NULL
427,Thin-Jam Lock Nut 16,LJ-3416,NULL,NULL,NULL,NULL,NULL,NULL
428,Thin-Jam Lock Nut 5,LJ-3816,NULL,NULL,NULL,NULL,NULL,NULL
429,Thin-Jam Lock Nut 6,LJ-3824,NULL,NULL,NULL,NULL,NULL,NULL
430,Thin-Jam Lock Nut 3,LJ-5161,NULL,NULL,NULL,NULL,NULL,NULL
431,Thin-Jam Lock Nut 4,LJ-5162,NULL,NULL,NULL,NULL,NULL,NULL
432,Thin-Jam Lock Nut 13,LJ-5811,NULL,NULL,NULL,NULL,NULL,NULL
433,Thin-Jam Lock Nut 14,LJ-5818,NULL,NULL,NULL,NULL,NULL,NULL
434,Thin-Jam Lock Nut 7,LJ-7161,NULL,NULL,NULL,NULL,NULL,NULL
435,Thin-Jam Lock Nut 8,LJ-7162,NULL,NULL,NULL,NULL,NULL,NULL
436,Thin-Jam Lock Nut 12,LJ-9080,NULL,NULL,NULL,NULL,NULL,NULL
437,Thin-Jam Lock Nut 11,LJ-9161,NULL,NULL,NULL,NULL,NULL,NULL
438,Lock Nut 5,LN-1024,NULL,NULL,NULL,NULL,NULL,NULL
439,Lock Nut 6,LN-1032,NULL,NULL,NULL,NULL,NULL,NULL
440,Lock Nut 16,LN-1213,NULL,NULL,NULL,NULL,NULL,NULL
441,Lock Nut 17,LN-1220,NULL,NULL,NULL,NULL,NULL,NULL
442,Lock Nut 7,LN-1224,NULL,NULL,NULL,NULL,NULL,NULL
443,Lock Nut 8,LN-1420,NULL,NULL,NULL,NULL,NULL,NULL
444,Lock Nut 9,LN-1428,NULL,NULL,NULL,NULL,NULL,NULL
445,Lock Nut 22,LN-3410,NULL,NULL,NULL,NULL,NULL,NULL
446,Lock Nut 23,LN-3416,NULL,NULL,NULL,NULL,NULL,NULL
447,Lock Nut 12,LN-3816,NULL,NULL,NULL,NULL,NULL,NULL
448,Lock Nut 13,LN-3824,NULL,NULL,NULL,NULL,NULL,NULL
449,Lock Nut 1,LN-4400,NULL,NULL,NULL,NULL,NULL,NULL
450,Lock Nut 10,LN-5161,NULL,NULL,NULL,NULL,NULL,NULL
451,Lock Nut 11,LN-5162,NULL,NULL,NULL,NULL,NULL,NULL
452,Lock Nut 2,LN-5400,NULL,NULL,NULL,NULL,NULL,NULL
453,Lock Nut 20,LN-5811,NULL,NULL,NULL,NULL,NULL,NULL
454,Lock Nut 21,LN-5818,NULL,NULL,NULL,NULL,NULL,NULL
455,Lock Nut 3,LN-6320,NULL,NULL,NULL,NULL,NULL,NULL
456,Lock Nut 14,LN-7161,NULL,NULL,NULL,NULL,NULL,NULL
457,Lock Nut 15,LN-7162,NULL,NULL,NULL,NULL,NULL,NULL
458,Lock Nut 4,LN-8320,NULL,NULL,NULL,NULL,NULL,NULL
459,Lock Nut 19,LN-9080,NULL,NULL,NULL,NULL,NULL,NULL
460,Lock Nut 18,LN-9161,NULL,NULL,NULL,NULL,NULL,NULL
461,Lock Ring,LR-2398,NULL,NULL,Silver,NULL,NULL,NULL
462,Lower Head Race,LR-8520,NULL,NULL,NULL,NULL,NULL,NULL
463,Lock Washer 4,LW-1000,NULL,NULL,NULL,NULL,NULL,NULL
464,Lock Washer 5,LW-1200,NULL,NULL,NULL,NULL,NULL,NULL
465,Lock Washer 10,LW-1201,NULL,NULL,NULL,NULL,NULL,NULL
466,Lock Washer 6,LW-1400,NULL,NULL,NULL,NULL,NULL,NULL
467,Lock Washer 13,LW-3400,NULL,NULL,NULL,NULL,NULL,NULL
468,Lock Washer 8,LW-3800,NULL,NULL,NULL,NULL,NULL,NULL
469,Lock Washer 1,LW-4000,NULL,NULL,NULL,NULL,NULL,NULL
470,Lock Washer 7,LW-5160,NULL,NULL,NULL,NULL,NULL,NULL
471,Lock Washer 12,LW-5800,NULL,NULL,NULL,NULL,NULL,NULL
472,Lock Washer 2,LW-6000,NULL,NULL,NULL,NULL,NULL,NULL
473,Lock Washer 9,LW-7160,NULL,NULL,NULL,NULL,NULL,NULL
474,Lock Washer 3,LW-8000,NULL,NULL,NULL,NULL,NULL,NULL
475,Lock Washer 11,LW-9160,NULL,NULL,NULL,NULL,NULL,NULL
476,Metal Angle,MA-7075,NULL,NULL,NULL,NULL,NULL,NULL
477,Metal Bar 1,MB-2024,NULL,NULL,NULL,NULL,NULL,NULL
478,Metal Bar 2,MB-6061,NULL,NULL,NULL,NULL,NULL,NULL
479,Metal Plate 2,MP-2066,NULL,NULL,NULL,NULL,NULL,NULL
480,Metal Plate 1,MP-2503,NULL,NULL,NULL,NULL,NULL,NULL
481,Metal Plate 3,MP-4960,NULL,NULL,NULL,NULL,NULL,NULL
482,Metal Sheet 2,MS-0253,NULL,NULL,NULL,NULL,NULL,NULL
483,Metal Sheet 3,MS-1256,NULL,NULL,NULL,NULL,NULL,NULL
484,Metal Sheet 7,MS-1981,NULL,NULL,NULL,NULL,NULL,NULL
485,Metal Sheet 4,MS-2259,NULL,NULL,NULL,NULL,NULL,NULL
486,Metal Sheet 5,MS-2341,NULL,NULL,NULL,NULL,NULL,NULL
487,Metal Sheet 6,MS-2348,NULL,NULL,NULL,NULL,NULL,NULL
488,Metal Sheet 1,MS-6061,NULL,NULL,NULL,NULL,NULL,NULL
489,Metal Tread Plate,MT-1000,NULL,NULL,NULL,NULL,NULL,NULL
490,LL Nipple,NI-4127,NULL,NULL,NULL,NULL,NULL,NULL
491,HL Nipple,NI-9522,NULL,NULL,NULL,NULL,NULL,NULL
492,Paint - Black,PA-187B,NULL,NULL,NULL,NULL,NULL,NULL
493,Paint - Red,PA-361R,NULL,NULL,NULL,NULL,NULL,NULL
494,Paint - Silver,PA-529S,NULL,NULL,NULL,NULL,NULL,NULL
495,Paint - Blue,PA-632U,NULL,NULL,NULL,NULL,NULL,NULL
496,Paint - Yellow,PA-823Y,NULL,NULL,NULL,NULL,NULL,NULL
497,Pinch Bolt,PB-6109,NULL,NULL,NULL,NULL,NULL,NULL
504,Cup-Shaped Race,RA-2345,NULL,NULL,NULL,NULL,NULL,NULL
505,Cone-Shaped Race,RA-7490,NULL,NULL,NULL,NULL,NULL,NULL
506,Reflector,RF-9198,NULL,NULL,NULL,NULL,NULL,NULL
507,LL Mountain Rim,RM-M464,NULL,NULL,NULL,NULL,NULL,NULL
508,ML Mountain Rim,RM-M692,NULL,NULL,NULL,NULL,NULL,NULL
509,HL Mountain Rim,RM-M823,NULL,NULL,NULL,NULL,NULL,NULL
510,LL Road Rim,RM-R436,NULL,NULL,NULL,NULL,NULL,NULL
511,ML Road Rim,RM-R600,NULL,NULL,NULL,NULL,NULL,NULL
512,HL Road Rim,RM-R800,NULL,NULL,NULL,NULL,NULL,NULL
513,Touring Rim,RM-T801,NULL,NULL,NULL,NULL,NULL,NULL
514,LL Mountain Seat Assembly,SA-M198,NULL,NULL,NULL,NULL,NULL,NULL
515,ML Mountain Seat Assembly,SA-M237,NULL,NULL,NULL,NULL,NULL,NULL
516,HL Mountain Seat Assembly,SA-M687,NULL,NULL,NULL,NULL,NULL,NULL
517,LL Road Seat Assembly,SA-R127,NULL,NULL,NULL,NULL,NULL,NULL
518,ML Road Seat Assembly,SA-R430,NULL,NULL,NULL,NULL,NULL,NULL
519,HL Road Seat Assembly,SA-R522,NULL,NULL,NULL,NULL,NULL,NULL
520,LL Touring Seat Assembly,SA-T467,NULL,NULL,NULL,NULL,NULL,NULL
521,ML Touring Seat Assembly,SA-T612,NULL,NULL,NULL,NULL,NULL,NULL
522,HL Touring Seat Assembly,SA-T872,NULL,NULL,NULL,NULL,NULL,NULL
523,LL Spindle/Axle,SD-2342,NULL,NULL,NULL,NULL,NULL,NULL
524,HL Spindle/Axle,SD-9872,NULL,NULL,NULL,NULL,NULL,NULL
525,LL Shell,SH-4562,NULL,NULL,NULL,NULL,NULL,NULL
526,HL Shell,SH-9312,NULL,NULL,NULL,NULL,NULL,NULL
527,Spokes,SK-9283,NULL,NULL,NULL,NULL,NULL,NULL
528,Seat Lug,SL-0931,NULL,NULL,NULL,NULL,NULL,NULL
529,Stem,SM-9087,NULL,NULL,NULL,NULL,NULL,NULL
530,Seat Post,SP-2981,NULL,NULL,NULL,NULL,NULL,NULL
531,Steerer,SR-2098,NULL,NULL,NULL,NULL,NULL,NULL
532,Seat Stays,SS-2985,NULL,NULL,NULL,NULL,NULL,NULL
533,Seat Tube,ST-9828,NULL,NULL,NULL,NULL,NULL,NULL
534,Top Tube,TO-2301,NULL,NULL,NULL,NULL,NULL,NULL
535,Tension Pulley,TP-0923,NULL,NULL,NULL,NULL,NULL,NULL
679,Rear Derailleur Cage,RC-0291,NULL,NULL,Silver,NULL,NULL,NULL
680,"HL Road Frame - Black, 58",FR-R92B-58,Road Frames,Components,Black,58,"R ",HL Road Frame
706,"HL Road Frame - Red, 58",FR-R92R-58,Road Frames,Components,Red,58,"R ",HL Road Frame
707,"Sport-100 Helmet, Red",HL-U509-R,Helmets,Accessories,Red,NULL,"S ",Sport-100
708,"Sport-100 Helmet, Black",HL-U509,Helmets,Accessories,Black,NULL,"S ",Sport-100
709,"Mountain Bike Socks, M",SO-B909-M,Socks,Clothing,White,M,"M ",Mountain Bike Socks
710,"Mountain Bike Socks, L",SO-B909-L,Socks,Clothing,White,L,"M ",Mountain Bike Socks
711,"Sport-100 Helmet, Blue",HL-U509-B,Helmets,Accessories,Blue,NULL,"S ",Sport-100
712,AWC Logo Cap,CA-1098,Caps,Clothing,Multi,NULL,"S ",Cycling Cap
713,"Long-Sleeve Logo Jersey, S",LJ-0192-S,Jerseys,Clothing,Multi,S,"S ",Long-Sleeve Logo Jersey
714,"Long-Sleeve Logo Jersey, M",LJ-0192-M,Jerseys,Clothing,Multi,M,"S ",Long-Sleeve Logo Jersey
715,"Long-Sleeve Logo Jersey, L",LJ-0192-L,Jerseys,Clothing,Multi,L,"S ",Long-Sleeve Logo Jersey
716,"Long-Sleeve Logo Jersey, XL",LJ-0192-X,Jerseys,Clothing,Multi,XL,"S ",Long-Sleeve Logo Jersey
717,"HL Road Frame - Red, 62",FR-R92R-62,Road Frames,Components,Red,62,"R ",HL Road Frame
718,"HL Road Frame - Red, 44",FR-R92R-44,Road Frames,Components,Red,44,"R ",HL Road Frame
719,"HL Road Frame - Red, 48",FR-R92R-48,Road Frames,Components,Red,48,"R ",HL Road Frame
720,"HL Road Frame - Red, 52",FR-R92R-52,Road Frames,Components,Red,52,"R ",HL Road Frame
721,"HL Road Frame - Red, 56",FR-R92R-56,Road Frames,Components,Red,56,"R ",HL Road Frame
722,"LL Road Frame - Black, 58",FR-R38B-58,Road Frames,Components,Black,58,"R ",LL Road Frame
723,"LL Road Frame - Black, 60",FR-R38B-60,Road Frames,Components,Black,60,"R ",LL Road Frame
724,"LL Road Frame - Black, 62",FR-R38B-62,Road Frames,Components,Black,62,"R ",LL Road Frame
725,"LL Road Frame - Red, 44",FR-R38R-44,Road Frames,Components,Red,44,"R ",LL Road Frame
726,"LL Road Frame - Red, 48",FR-R38R-48,Road Frames,Components,Red,48,"R ",LL Road Frame
727,"LL Road Frame - Red, 52",FR-R38R-52,Road Frames,Components,Red,52,"R ",LL Road Frame
728,"LL Road Frame - Red, 58",FR-R38R-58,Road Frames,Components,Red,58,"R ",LL Road Frame
729,"LL Road Frame - Red, 60",FR-R38R-60,Road Frames,Components,Red,60,"R ",LL Road Frame
730,"LL Road Frame - Red, 62",FR-R38R-62,Road Frames,Components,Red,62,"R ",LL Road Frame
731,"ML Road Frame - Red, 44",FR-R72R-44,Road Frames,Components,Red,44,"R ",ML Road Frame
732,"ML Road Frame - Red, 48",FR-R72R-48,Road Frames,Components,Red,48,"R ",ML Road Frame
733,"ML Road Frame - Red, 52",FR-R72R-52,Road Frames,Components,Red,52,"R ",ML Road Frame
734,"ML Road Frame - Red, 58",FR-R72R-58,Road Frames,Components,Red,58,"R ",ML Road Frame
735,"ML Road Frame - Red, 60",FR-R72R-60,Road Frames,Components,Red,60,"R ",ML Road Frame
736,"LL Road Frame - Black, 44",FR-R38B-44,Road Frames,Components,Black,44,"R ",LL Road Frame
737,"LL Road Frame - Black, 48",FR-R38B-48,Road Frames,Components,Black,48,"R ",LL Road Frame
738,"LL Road Frame - Black, 52",FR-R38B-52,Road Frames,Components,Black,52,"R ",LL Road Frame
739,"HL Mountain Frame - Silver, 42",FR-M94S-42,Mountain Frames,Components,Silver,42,"M ",HL Mountain Frame
740,"HL Mountain Frame - Silver, 44",FR-M94S-44,Mountain Frames,Components,Silver,44,"M ",HL Mountain Frame
741,"HL Mountain Frame - Silver, 48",FR-M94S-52,Mountain Frames,Components,Silver,48,"M ",HL Mountain Frame
742,"HL Mountain Frame - Silver, 46",FR-M94S-46,Mountain Frames,Components,Silver,46,"M ",HL Mountain Frame
743,"HL Mountain Frame - Black, 42",FR-M94B-42,Mountain Frames,Components,Black,42,"M ",HL Mountain Frame
744,"HL Mountain Frame - Black, 44",FR-M94B-44,Mountain Frames,Components,Black,44,"M ",HL Mountain Frame
745,"HL Mountain Frame - Black, 48",FR-M94B-48,Mountain Frames,Components,Black,48,"M ",HL Mountain Frame
746,"HL Mountain Frame - Black, 46",FR-M94B-46,Mountain Frames,Components,Black,46,"M ",HL Mountain Frame
747,"HL Mountain Frame - Black, 38",FR-M94B-38,Mountain Frames,Components,Black,38,"M ",HL Mountain Frame
748,"HL Mountain Frame - Silver, 38",FR-M94S-38,Mountain Frames,Components,Silver,38,"M ",HL Mountain Frame
749,"Road-150 Red, 62",BK-R93R-62,Road Bikes,Bikes,Red,62,"R ",Road-150
750,"Road-150 Red, 44",BK-R93R-44,Road Bikes,Bikes,Red,44,"R ",Road-150
751,"Road-150 Red, 48",BK-R93R-48,Road Bikes,Bikes,Red,48,"R ",Road-150
752,"Road-150 Red, 52",BK-R93R-52,Road Bikes,Bikes,Red,52,"R ",Road-150
753,"Road-150 Red, 56",BK-R93R-56,Road Bikes,Bikes,Red,56,"R ",Road-150
754,"Road-450 Red, 58",BK-R68R-58,Road Bikes,Bikes,Red,58,"R ",Road-450
755,"Road-450 Red, 60",BK-R68R-60,Road Bikes,Bikes,Red,60,"R ",Road-450
756,"Road-450 Red, 44",BK-R68R-44,Road Bikes,Bikes,Red,44,"R ",Road-450
757,"Road-450 Red, 48",BK-R68R-48,Road Bikes,Bikes,Red,48,"R ",Road-450
758,"Road-450 Red, 52",BK-R68R-52,Road Bikes,Bikes,Red,52,"R ",Road-450
759,"Road-650 Red, 58",BK-R50R-58,Road Bikes,Bikes,Red,58,"R ",Road-650
760,"Road-650 Red, 60",BK-R50R-60,Road Bikes,Bikes,Red,60,"R ",Road-650
761,"Road-650 Red, 62",BK-R50R-62,Road Bikes,Bikes,Red,62,"R ",Road-650
762,"Road-650 Red, 44",BK-R50R-44,Road Bikes,Bikes,Red,44,"R ",Road-650
763,"Road-650 Red, 48",BK-R50R-48,Road Bikes,Bikes,Red,48,"R ",Road-650
764,"Road-650 Red, 52",BK-R50R-52,Road Bikes,Bikes,Red,52,"R ",Road-650
765,"Road-650 Black, 58",BK-R50B-58,Road Bikes,Bikes,Black,58,"R ",Road-650
766,"Road-650 Black, 60",BK-R50B-60,Road Bikes,Bikes,Black,60,"R ",Road-650
767,"Road-650 Black, 62",BK-R50B-62,Road Bikes,Bikes,Black,62,"R ",Road-650
768,"Road-650 Black, 44",BK-R50B-44,Road Bikes,Bikes,Black,44,"R ",Road-650
769,"Road-650 Black, 48",BK-R50B-48,Road Bikes,Bikes,Black,48,"R ",Road-650
770,"Road-650 Black, 52",BK-R50B-52,Road Bikes,Bikes,Black,52,"R ",Road-650
771,"Mountain-100 Silver, 38",BK-M82S-38,Mountain Bikes,Bikes,Silver,38,"M ",Mountain-100
772,"Mountain-100 Silver, 42",BK-M82S-42,Mountain Bikes,Bikes,Silver,42,"M ",Mountain-100
773,"Mountain-100 Silver, 44",BK-M82S-44,Mountain Bikes,Bikes,Silver,44,"M ",Mountain-100
774,"Mountain-100 Silver, 48",BK-M82S-48,Mountain Bikes,Bikes,Silver,48,"M ",Mountain-100
775,"Mountain-100 Black, 38",BK-M82B-38,Mountain Bikes,Bikes,Black,38,"M ",Mountain-100
776,"Mountain-100 Black, 42",BK-M82B-42,Mountain Bikes,Bikes,Black,42,"M ",Mountain-100
777,"Mountain-100 Black, 44",BK-M82B-44,Mountain Bikes,Bikes,Black,44,"M ",Mountain-100
778,"Mountain-100 Black, 48",BK-M82B-48,Mountain Bikes,Bikes,Black,48,"M ",Mountain-100
779,"Mountain-200 Silver, 38",BK-M68S-38,Mountain Bikes,Bikes,Silver,38,"M ",Mountain-200
780,"Mountain-200 Silver, 42",BK-M68S-42,Mountain Bikes,Bikes,Silver,42,"M ",Mountain-200
781,"Mountain-200 Silver, 46",BK-M68S-46,Mountain Bikes,Bikes,Silver,46,"M ",Mountain-200
782,"Mountain-200 Black, 38",BK-M68B-38,Mountain Bikes,Bikes,Black,38,"M ",Mountain-200
783,"Mountain-200 Black, 42",BK-M68B-42,Mountain Bikes,Bikes,Black,42,"M ",Mountain-200
784,"Mountain-200 Black, 46",BK-M68B-46,Mountain Bikes,Bikes,Black,46,"M ",Mountain-200
785,"Mountain-300 Black, 38",BK-M47B-38,Mountain Bikes,Bikes,Black,38,"M ",Mountain-300
786,"Mountain-300 Black, 40",BK-M47B-40,Mountain Bikes,Bikes,Black,40,"M ",Mountain-300
787,"Mountain-300 Black, 44",BK-M47B-44,Mountain Bikes,Bikes,Black,44,"M ",Mountain-300
788,"Mountain-300 Black, 48",BK-M47B-48,Mountain Bikes,Bikes,Black,48,"M ",Mountain-300
789,"Road-250 Red, 44",BK-R89R-44,Road Bikes,Bikes,Red,44,"R ",Road-250
790,"Road-250 Red, 48",BK-R89R-48,Road Bikes,Bikes,Red,48,"R ",Road-250
791,"Road-250 Red, 52",BK-R89R-52,Road Bikes,Bikes,Red,52,"R ",Road-250
792,"Road-250 Red, 58",BK-R89R-58,Road Bikes,Bikes,Red,58,"R ",Road-250
793,"Road-250 Black, 44",BK-R89B-44,Road Bikes,Bikes,Black,44,"R ",Road-250
794,"Road-250 Black, 48",BK-R89B-48,Road Bikes,Bikes,Black,48,"R ",Road-250
795,"Road-250 Black, 52",BK-R89B-52,Road Bikes,Bikes,Black,52,"R ",Road-250
796,"Road-250 Black, 58",BK-R89B-58,Road Bikes,Bikes,Black,58,"R ",Road-250
797,"Road-550-W Yellow, 38",BK-R64Y-38,Road Bikes,Bikes,Yellow,38,"R ",Road-550-W
798,"Road-550-W Yellow, 40",BK-R64Y-40,Road Bikes,Bikes,Yellow,40,"R ",Road-550-W
799,"Road-550-W Yellow, 42",BK-R64Y-42,Road Bikes,Bikes,Yellow,42,"R ",Road-550-W
800,"Road-550-W Yellow, 44",BK-R64Y-44,Road Bikes,Bikes,Yellow,44,"R ",Road-550-W
801,"Road-550-W Yellow, 48",BK-R64Y-48,Road Bikes,Bikes,Yellow,48,"R ",Road-550-W
802,LL Fork,FK-1639,Forks,Components,NULL,NULL,NULL,LL Fork
803,ML Fork,FK-5136,Forks,Components,NULL,NULL,NULL,ML Fork
804,HL Fork,FK-9939,Forks,Components,NULL,NULL,NULL,HL Fork
805,LL Headset,HS-0296,Headsets,Components,NULL,NULL,NULL,LL Headset
806,ML Headset,HS-2451,Headsets,Components,NULL,NULL,NULL,ML Headset
807,HL Headset,HS-3479,Headsets,Components,NULL,NULL,NULL,HL Headset
808,LL Mountain Handlebars,HB-M243,Handlebars,Components,NULL,NULL,"M ",LL Mountain Handlebars
809,ML Mountain Handlebars,HB-M763,Handlebars,Components,NULL,NULL,"M ",ML Mountain Handlebars
810,HL Mountain Handlebars,HB-M918,Handlebars,Components,NULL,NULL,"M ",HL Mountain Handlebars
811,LL Road Handlebars,HB-R504,Handlebars,Components,NULL,NULL,"R ",LL Road Handlebars
812,ML Road Handlebars,HB-R720,Handlebars,Components,NULL,NULL,"R ",ML Road Handlebars
813,HL Road Handlebars,HB-R956,Handlebars,Components,NULL,NULL,"R ",HL Road Handlebars
814,"ML Mountain Frame - Black, 38",FR-M63B-38,Mountain Frames,Components,Black,38,"M ",ML Mountain Frame-W
815,LL Mountain Front Wheel,FW-M423,Wheels,Components,Black,NULL,"M ",LL Mountain Front Wheel
816,ML Mountain Front Wheel,FW-M762,Wheels,Components,Black,NULL,"M ",ML Mountain Front Wheel
817,HL Mountain Front Wheel,FW-M928,Wheels,Components,Black,NULL,"M ",HL Mountain Front Wheel
818,LL Road Front Wheel,FW-R623,Wheels,Components,Black,NULL,"R ",LL Road Front Wheel
819,ML Road Front Wheel,FW-R762,Wheels,Components,Black,NULL,"R ",ML Road Front Wheel
820,HL Road Front Wheel,FW-R820,Wheels,Components,Black,NULL,"R ",HL Road Front Wheel
821,Touring Front Wheel,FW-T905,Wheels,Components,Black,NULL,"T ",Touring Front Wheel
822,"ML Road Frame-W - Yellow, 38",FR-R72Y-38,Road Frames,Components,Yellow,38,"R ",ML Road Frame-W
823,LL Mountain Rear Wheel,RW-M423,Wheels,Components,Black,NULL,"M ",LL Mountain Rear Wheel
824,ML Mountain Rear Wheel,RW-M762,Wheels,Components,Black,NULL,"M ",ML Mountain Rear Wheel
825,HL Mountain Rear Wheel,RW-M928,Wheels,Components,Black,NULL,"M ",HL Mountain Rear Wheel
826,LL Road Rear Wheel,RW-R623,Wheels,Components,Black,NULL,"R ",LL Road Rear Wheel
827,ML Road Rear Wheel,RW-R762,Wheels,Components,Black,NULL,"R ",ML Road Rear Wheel
828,HL Road Rear Wheel,RW-R820,Wheels,Components,Black,NULL,"R ",HL Road Rear Wheel
829,Touring Rear Wheel,RW-T905,Wheels,Components,Black,NULL,"T ",Touring Rear Wheel
830,"ML Mountain Frame - Black, 40",FR-M63B-40,Mountain Frames,Components,Black,40,"M ",ML Mountain Frame
831,"ML Mountain Frame - Black, 44",FR-M63B-44,Mountain Frames,Components,Black,44,"M ",ML Mountain Frame
832,"ML Mountain Frame - Black, 48",FR-M63B-48,Mountain Frames,Components,Black,48,"M ",ML Mountain Frame
833,"ML Road Frame-W - Yellow, 40",FR-R72Y-40,Road Frames,Components,Yellow,40,"R ",ML Road Frame-W
834,"ML Road Frame-W - Yellow, 42",FR-R72Y-42,Road Frames,Components,Yellow,42,"R ",ML Road Frame-W
835,"ML Road Frame-W - Yellow, 44",FR-R72Y-44,Road Frames,Components,Yellow,44,"R ",ML Road Frame-W
836,"ML Road Frame-W - Yellow, 48",FR-R72Y-48,Road Frames,Components,Yellow,48,"R ",ML Road Frame-W
837,"HL Road Frame - Black, 62",FR-R92B-62,Road Frames,Components,Black,62,"R ",HL Road Frame
838,"HL Road Frame - Black, 44",FR-R92B-44,Road Frames,Components,Black,44,"R ",HL Road Frame
839,"HL Road Frame - Black, 48",FR-R92B-48,Road Frames,Components,Black,48,"R ",HL Road Frame
840,"HL Road Frame - Black, 52",FR-R92B-52,Road Frames,Components,Black,52,"R ",HL Road Frame
841,"Men's Sports Shorts, S",SH-M897-S,Shorts,Clothing,Black,S,"S ",Men's Sports Shorts
842,"Touring-Panniers, Large",PA-T100,Panniers,Accessories,Grey,NULL,"T ",Touring-Panniers
843,Cable Lock,LO-C100,Locks,Accessories,NULL,NULL,"S ",Cable Lock
844,Minipump,PU-0452,Pumps,Accessories,NULL,NULL,"S ",Minipump
845,Mountain Pump,PU-M044,Pumps,Accessories,NULL,NULL,"M ",Mountain Pump
846,Taillights - Battery-Powered,LT-T990,Lights,Accessories,NULL,NULL,"R ",Taillight
847,Headlights - Dual-Beam,LT-H902,Lights,Accessories,NULL,NULL,"R ",Headlights - Dual-Beam
848,Headlights - Weatherproof,LT-H903,Lights,Accessories,NULL,NULL,"R ",Headlights - Weatherproof
849,"Men's Sports Shorts, M",SH-M897-M,Shorts,Clothing,Black,M,"S ",Men's Sports Shorts
850,"Men's Sports Shorts, L",SH-M897-L,Shorts,Clothing,Black,L,"S ",Men's Sports Shorts
851,"Men's Sports Shorts, XL",SH-M897-X,Shorts,Clothing,Black,XL,"S ",Men's Sports Shorts
852,"Women's Tights, S",TG-W091-S,Tights,Clothing,Black,S,"S ",Women's Tights
853,"Women's Tights, M",TG-W091-M,Tights,Clothing,Black,M,"S ",Women's Tights
854,"Women's Tights, L",TG-W091-L,Tights,Clothing,Black,L,"S ",Women's Tights
855,"Men's Bib-Shorts, S",SB-M891-S,Bib-Shorts,Clothing,Multi,S,"S ",Men's Bib-Shorts
856,"Men's Bib-Shorts, M",SB-M891-M,Bib-Shorts,Clothing,Multi,M,"S ",Men's Bib-Shorts
857,"Men's Bib-Shorts, L",SB-M891-L,Bib-Shorts,Clothing,Multi,L,"S ",Men's Bib-Shorts
858,"Half-Finger Gloves, S",GL-H102-S,Gloves,Clothing,Black,S,"S ",Half-Finger Gloves
859,"Half-Finger Gloves, M",GL-H102-M,Gloves,Clothing,Black,M,"S ",Half-Finger Gloves
860,"Half-Finger Gloves, L",GL-H102-L,Gloves,Clothing,Black,L,"S ",Half-Finger Gloves
861,"Full-Finger Gloves, S",GL-F110-S,Gloves,Clothing,Black,S,"M ",Full-Finger Gloves
862,"Full-Finger Gloves, M",GL-F110-M,Gloves,Clothing,Black,M,"M ",Full-Finger Gloves
863,"Full-Finger Gloves, L",GL-F110-L,Gloves,Clothing,Black,L,"M ",Full-Finger Gloves
864,"Classic Vest, S",VE-C304-S,Vests,Clothing,Blue,S,"S ",Classic Vest
865,"Classic Vest, M",VE-C304-M,Vests,Clothing,Blue,M,"S ",Classic Vest
866,"Classic Vest, L",VE-C304-L,Vests,Clothing,Blue,L,"S ",Classic Vest
867,"Women's Mountain Shorts, S",SH-W890-S,Shorts,Clothing,Black,S,"M ",Women's Mountain Shorts
868,"Women's Mountain Shorts, M",SH-W890-M,Shorts,Clothing,Black,M,"M ",Women's Mountain Shorts
869,"Women's Mountain Shorts, L",SH-W890-L,Shorts,Clothing,Black,L,"M ",Women's Mountain Shorts
870,Water Bottle - 30 oz.,WB-H098,Bottles and Cages,Accessories,NULL,NULL,"S ",Water Bottle
871,Mountain Bottle Cage,BC-M005,Bottles and Cages,Accessories,NULL,NULL,"M ",Mountain Bottle Cage
872,Road Bottle Cage,BC-R205,Bottles and Cages,Accessories,NULL,NULL,"R ",Road Bottle Cage
873,Patch Kit/8 Patches,PK-7098,Tires and Tubes,Accessories,NULL,NULL,"S ",Patch kit
874,"Racing Socks, M",SO-R809-M,Socks,Clothing,White,M,"R ",Racing Socks
875,"Racing Socks, L",SO-R809-L,Socks,Clothing,White,L,"R ",Racing Socks
876,Hitch Rack - 4-Bike,RA-H123,Bike Racks,Accessories,NULL,NULL,"S ",Hitch Rack - 4-Bike
877,Bike Wash - Dissolver,CL-9009,Cleaners,Accessories,NULL,NULL,"S ",Bike Wash
878,Fender Set - Mountain,FE-6654,Fenders,Accessories,NULL,NULL,"M ",Fender Set - Mountain
879,All-Purpose Bike Stand,ST-1401,Bike Stands,Accessories,NULL,NULL,"M ",All-Purpose Bike Stand
880,Hydration Pack - 70 oz.,HY-1023-70,Hydration Packs,Accessories,Silver,70,"S ",Hydration Pack
881,"Short-Sleeve Classic Jersey, S",SJ-0194-S,Jerseys,Clothing,Yellow,S,"S ",Short-Sleeve Classic Jersey
882,"Short-Sleeve Classic Jersey, M",SJ-0194-M,Jerseys,Clothing,Yellow,M,"S ",Short-Sleeve Classic Jersey
883,"Short-Sleeve Classic Jersey, L",SJ-0194-L,Jerseys,Clothing,Yellow,L,"S ",Short-Sleeve Classic Jersey
884,"Short-Sleeve Classic Jersey, XL",SJ-0194-X,Jerseys,Clothing,Yellow,XL,"S ",Short-Sleeve Classic Jersey
885,"HL Touring Frame - Yellow, 60",FR-T98Y-60,Touring Frames,Components,Yellow,60,"T ",HL Touring Frame
886,"LL Touring Frame - Yellow, 62",FR-T67Y-62,Touring Frames,Components,Yellow,62,"T ",LL Touring Frame
887,"HL Touring Frame - Yellow, 46",FR-T98Y-46,Touring Frames,Components,Yellow,46,"T ",HL Touring Frame
888,"HL Touring Frame - Yellow, 50",FR-T98Y-50,Touring Frames,Components,Yellow,50,"T ",HL Touring Frame
889,"HL Touring Frame - Yellow, 54",FR-T98Y-54,Touring Frames,Components,Yellow,54,"T ",HL Touring Frame
890,"HL Touring Frame - Blue, 46",FR-T98U-46,Touring Frames,Components,Blue,46,"T ",HL Touring Frame
891,"HL Touring Frame - Blue, 50",FR-T98U-50,Touring Frames,Components,Blue,50,"T ",HL Touring Frame
892,"HL Touring Frame - Blue, 54",FR-T98U-54,Touring Frames,Components,Blue,54,"T ",HL Touring Frame
893,"HL Touring Frame - Blue, 60",FR-T98U-60,Touring Frames,Components,Blue,60,"T ",HL Touring Frame
894,Rear Derailleur,RD-2308,Derailleurs,Components,Silver,NULL,NULL,Rear Derailleur
895,"LL Touring Frame - Blue, 50",FR-T67U-50,Touring Frames,Components,Blue,50,"T ",LL Touring Frame
896,"LL Touring Frame - Blue, 54",FR-T67U-54,Touring Frames,Components,Blue,54,"T ",LL Touring Frame
897,"LL Touring Frame - Blue, 58",FR-T67U-58,Touring Frames,Components,Blue,58,"T ",LL Touring Frame
898,"LL Touring Frame - Blue, 62",FR-T67U-62,Touring Frames,Components,Blue,62,"T ",LL Touring Frame
899,"LL Touring Frame - Yellow, 44",FR-T67Y-44,Touring Frames,Components,Yellow,44,"T ",LL Touring Frame
900,"LL Touring Frame - Yellow, 50",FR-T67Y-50,Touring Frames,Components,Yellow,50,"T ",LL Touring Frame
901,"LL Touring Frame - Yellow, 54",FR-T67Y-54,Touring Frames,Components,Yellow,54,"T ",LL Touring Frame
902,"LL Touring Frame - Yellow, 58",FR-T67Y-58,Touring Frames,Components,Yellow,58,"T ",LL Touring Frame
903,"LL Touring Frame - Blue, 44",FR-T67U-44,Touring Frames,Components,Blue,44,"T ",LL Touring Frame
904,"ML Mountain Frame-W - Silver, 40",FR-M63S-40,Mountain Frames,Components,Silver,40,"M ",ML Mountain Frame-W
905,"ML Mountain Frame-W - Silver, 42",FR-M63S-42,Mountain Frames,Components,Silver,42,"M ",ML Mountain Frame-W
906,"ML Mountain Frame-W - Silver, 46",FR-M63S-46,Mountain Frames,Components,Silver,46,"M ",ML Mountain Frame-W
907,Rear Brakes,RB-9231,Brakes,Components,Silver,NULL,NULL,Rear Brakes
908,LL Mountain Seat/Saddle,SE-M236,Saddles,Components,NULL,NULL,"M ",LL Mountain Seat/Saddle 2
909,ML Mountain Seat/Saddle,SE-M798,Saddles,Components,NULL,NULL,"M ",ML Mountain Seat/Saddle 2
910,HL Mountain Seat/Saddle,SE-M940,Saddles,Components,NULL,NULL,"M ",HL Mountain Seat/Saddle 2
911,LL Road Seat/Saddle,SE-R581,Saddles,Components,NULL,NULL,"R ",LL Road Seat/Saddle 1
912,ML Road Seat/Saddle,SE-R908,Saddles,Components,NULL,NULL,"T ",ML Road Seat/Saddle 2
913,HL Road Seat/Saddle,SE-R995,Saddles,Components,NULL,NULL,"R ",HL Road Seat/Saddle 2
914,LL Touring Seat/Saddle,SE-T312,Saddles,Components,NULL,NULL,"T ",LL Touring Seat/Saddle
915,ML Touring Seat/Saddle,SE-T762,Saddles,Components,NULL,NULL,"T ",ML Touring Seat/Saddle
916,HL Touring Seat/Saddle,SE-T924,Saddles,Components,NULL,NULL,"T ",HL Touring Seat/Saddle
917,"LL Mountain Frame - Silver, 42",FR-M21S-42,Mountain Frames,Components,Silver,42,"M ",LL Mountain Frame
918,"LL Mountain Frame - Silver, 44",FR-M21S-44,Mountain Frames,Components,Silver,44,"M ",LL Mountain Frame
919,"LL Mountain Frame - Silver, 48",FR-M21S-48,Mountain Frames,Components,Silver,48,"M ",LL Mountain Frame
920,"LL Mountain Frame - Silver, 52",FR-M21S-52,Mountain Frames,Components,Silver,52,"M ",LL Mountain Frame
921,Mountain Tire Tube,TT-M928,Tires and Tubes,Accessories,NULL,NULL,"M ",Mountain Tire Tube
922,Road Tire Tube,TT-R982,Tires and Tubes,Accessories,NULL,NULL,"R ",Road Tire Tube
923,Touring Tire Tube,TT-T092,Tires and Tubes,Accessories,NULL,NULL,"T ",Touring Tire Tube
924,"LL Mountain Frame - Black, 42",FR-M21B-42,Mountain Frames,Components,Black,42,"M ",LL Mountain Frame
925,"LL Mountain Frame - Black, 44",FR-M21B-44,Mountain Frames,Components,Black,44,"M ",LL Mountain Frame
926,"LL Mountain Frame - Black, 48",FR-M21B-48,Mountain Frames,Components,Black,48,"M ",LL Mountain Frame
927,"LL Mountain Frame - Black, 52",FR-M21B-52,Mountain Frames,Components,Black,52,"M ",LL Mountain Frame
928,LL Mountain Tire,TI-M267,Tires and Tubes,Accessories,NULL,NULL,"M ",LL Mountain Tire
929,ML Mountain Tire,TI-M602,Tires and Tubes,Accessories,NULL,NULL,"M ",ML Mountain Tire
930,HL Mountain Tire,TI-M823,Tires and Tubes,Accessories,NULL,NULL,"M ",HL Mountain Tire
931,LL Road Tire,TI-R092,Tires and Tubes,Accessories,NULL,NULL,"R ",LL Road Tire
932,ML Road Tire,TI-R628,Tires and Tubes,Accessories,NULL,NULL,"R ",ML Road Tire
933,HL Road Tire,TI-R982,Tires and Tubes,Accessories,NULL,NULL,"R ",HL Road Tire
934,Touring Tire,TI-T723,Tires and Tubes,Accessories,NULL,NULL,"T ",Touring Tire
935,LL Mountain Pedal,PD-M282,Pedals,Components,Silver/Black,NULL,"M ",LL Mountain Pedal
936,ML Mountain Pedal,PD-M340,Pedals,Components,Silver/Black,NULL,"M ",ML Mountain Pedal
937,HL Mountain Pedal,PD-M562,Pedals,Components,Silver/Black,NULL,"M ",HL Mountain Pedal
938,LL Road Pedal,PD-R347,Pedals,Components,Silver/Black,NULL,"R ",LL Road Pedal
939,ML Road Pedal,PD-R563,Pedals,Components,Silver/Black,NULL,"R ",ML Road Pedal
940,HL Road Pedal,PD-R853,Pedals,Components,Silver/Black,NULL,"R ",HL Road Pedal
941,Touring Pedal,PD-T852,Pedals,Components,Silver/Black,NULL,"T ",Touring Pedal
942,"ML Mountain Frame-W - Silver, 38",FR-M63S-38,Mountain Frames,Components,Silver,38,"M ",ML Mountain Frame-W
943,"LL Mountain Frame - Black, 40",FR-M21B-40,Mountain Frames,Components,Black,40,"M ",LL Mountain Frame
944,"LL Mountain Frame - Silver, 40",FR-M21S-40,Mountain Frames,Components,Silver,40,"M ",LL Mountain Frame
945,Front Derailleur,FD-2342,Derailleurs,Components,Silver,NULL,NULL,Front Derailleur
946,LL Touring Handlebars,HB-T721,Handlebars,Components,NULL,NULL,"T ",LL Touring Handlebars
947,HL Touring Handlebars,HB-T928,Handlebars,Components,NULL,NULL,"T ",HL Touring Handlebars
948,Front Brakes,FB-9873,Brakes,Components,Silver,NULL,NULL,Front Brakes
949,LL Crankset,CS-4759,Cranksets,Components,Black,NULL,NULL,LL Crankset
950,ML Crankset,CS-6583,Cranksets,Components,Black,NULL,NULL,ML Crankset
951,HL Crankset,CS-9183,Cranksets,Components,Black,NULL,NULL,HL Crankset
952,Chain,CH-0234,Chains,Components,Silver,NULL,NULL,Chain
953,"Touring-2000 Blue, 60",BK-T44U-60,Touring Bikes,Bikes,Blue,60,"T ",Touring-2000
954,"Touring-1000 Yellow, 46",BK-T79Y-46,Touring Bikes,Bikes,Yellow,46,"T ",Touring-1000
955,"Touring-1000 Yellow, 50",BK-T79Y-50,Touring Bikes,Bikes,Yellow,50,"T ",Touring-1000
956,"Touring-1000 Yellow, 54",BK-T79Y-54,Touring Bikes,Bikes,Yellow,54,"T ",Touring-1000
957,"Touring-1000 Yellow, 60",BK-T79Y-60,Touring Bikes,Bikes,Yellow,60,"T ",Touring-1000
958,"Touring-3000 Blue, 54",BK-T18U-54,Touring Bikes,Bikes,Blue,54,"T ",Touring-3000
959,"Touring-3000 Blue, 58",BK-T18U-58,Touring Bikes,Bikes,Blue,58,"T ",Touring-3000
960,"Touring-3000 Blue, 62",BK-T18U-62,Touring Bikes,Bikes,Blue,62,"T ",Touring-3000
961,"Touring-3000 Yellow, 44",BK-T18Y-44,Touring Bikes,Bikes,Yellow,44,"T ",Touring-3000
962,"Touring-3000 Yellow, 50",BK-T18Y-50,Touring Bikes,Bikes,Yellow,50,"T ",Touring-3000
963,"Touring-3000 Yellow, 54",BK-T18Y-54,Touring Bikes,Bikes,Yellow,54,"T ",Touring-3000
964,"Touring-3000 Yellow, 58",BK-T18Y-58,Touring Bikes,Bikes,Yellow,58,"T ",Touring-3000
965,"Touring-3000 Yellow, 62",BK-T18Y-62,Touring Bikes,Bikes,Yellow,62,"T ",Touring-3000
966,"Touring-1000 Blue, 46",BK-T79U-46,Touring Bikes,Bikes,Blue,46,"T ",Touring-1000
967,"Touring-1000 Blue, 50",BK-T79U-50,Touring Bikes,Bikes,Blue,50,"T ",Touring-1000
968,"Touring-1000 Blue, 54",BK-T79U-54,Touring Bikes,Bikes,Blue,54,"T ",Touring-1000
969,"Touring-1000 Blue, 60",BK-T79U-60,Touring Bikes,Bikes,Blue,60,"T ",Touring-1000
970,"Touring-2000 Blue, 46",BK-T44U-46,Touring Bikes,Bikes,Blue,46,"T ",Touring-2000
971,"Touring-2000 Blue, 50",BK-T44U-50,Touring Bikes,Bikes,Blue,50,"T ",Touring-2000
972,"Touring-2000 Blue, 54",BK-T44U-54,Touring Bikes,Bikes,Blue,54,"T ",Touring-2000
973,"Road-350-W Yellow, 40",BK-R79Y-40,Road Bikes,Bikes,Yellow,40,"R ",Road-350-W
974,"Road-350-W Yellow, 42",BK-R79Y-42,Road Bikes,Bikes,Yellow,42,"R ",Road-350-W
975,"Road-350-W Yellow, 44",BK-R79Y-44,Road Bikes,Bikes,Yellow,44,"R ",Road-350-W
976,"Road-350-W Yellow, 48",BK-R79Y-48,Road Bikes,Bikes,Yellow,48,"R ",Road-350-W
977,"Road-750 Black, 58",BK-R19B-58,Road Bikes,Bikes,Black,58,"R ",Road-750
978,"Touring-3000 Blue, 44",BK-T18U-44,Touring Bikes,Bikes,Blue,44,"T ",Touring-3000
979,"Touring-3000 Blue, 50",BK-T18U-50,Touring Bikes,Bikes,Blue,50,"T ",Touring-3000
980,"Mountain-400-W Silver, 38",BK-M38S-38,Mountain Bikes,Bikes,Silver,38,"M ",Mountain-400-W
981,"Mountain-400-W Silver, 40",BK-M38S-40,Mountain Bikes,Bikes,Silver,40,"M ",Mountain-400-W
982,"Mountain-400-W Silver, 42",BK-M38S-42,Mountain Bikes,Bikes,Silver,42,"M ",Mountain-400-W
983,"Mountain-400-W Silver, 46",BK-M38S-46,Mountain Bikes,Bikes,Silver,46,"M ",Mountain-400-W
984,"Mountain-500 Silver, 40",BK-M18S-40,Mountain Bikes,Bikes,Silver,40,"M ",Mountain-500
985,"Mountain-500 Silver, 42",BK-M18S-42,Mountain Bikes,Bikes,Silver,42,"M ",Mountain-500
986,"Mountain-500 Silver, 44",BK-M18S-44,Mountain Bikes,Bikes,Silver,44,"M ",Mountain-500
987,"Mountain-500 Silver, 48",BK-M18S-48,Mountain Bikes,Bikes,Silver,48,"M ",Mountain-500
988,"Mountain-500 Silver, 52",BK-M18S-52,Mountain Bikes,Bikes,Silver,52,"M ",Mountain-500
989,"Mountain-500 Black, 40",BK-M18B-40,Mountain Bikes,Bikes,Black,40,"M ",Mountain-500
990,"Mountain-500 Black, 42",BK-M18B-42,Mountain Bikes,Bikes,Black,42,"M ",Mountain-500
991,"Mountain-500 Black, 44",BK-M18B-44,Mountain Bikes,Bikes,Black,44,"M ",Mountain-500
992,"Mountain-500 Black, 48",BK-M18B-48,Mountain Bikes,Bikes,Black,48,"M ",Mountain-500
993,"Mountain-500 Black, 52",BK-M18B-52,Mountain Bikes,Bikes,Black,52,"M ",Mountain-500
994,LL Bottom Bracket,BB-7421,Bottom Brackets,Components,NULL,NULL,NULL,LL Bottom Bracket
995,ML Bottom Bracket,BB-8107,Bottom Brackets,Components,NULL,NULL,NULL,ML Bottom Bracket
996,HL Bottom Bracket,BB-9108,Bottom Brackets,Components,NULL,NULL,NULL,HL Bottom Bracket
997,"Road-750 Black, 44",BK-R19B-44,Road Bikes,Bikes,Black,44,"R ",Road-750
998,"Road-750 Black, 48",BK-R19B-48,Road Bikes,Bikes,Black,48,"R ",Road-750
999,"Road-750 Black, 52",BK-R19B-52,Road Bikes,Bikes,Black,52,"R ",Road-750
